Date;Peugeot;Renault;Volvo;BMW;Daimler;VW;Toyota;GM;Ford;Fiat Chrysler;Portfolio
12.31.2015;16.285;91.575;78.19;93.504;73.546;130.63;123.220001;33.904794;13.558146;9.298085;663.711026
12.30.2015;16.285;91.565;78.38;94.395;74.304;132.19;124.760002;34.072686;13.615554;9.442648;669.00989
12.29.2015;16.07;90.672;77.65;93.236;73.28;130.04;124.470001;34.082561;13.567714;9.396651;662.464927
12.28.2015;16.375;92.468;78.72;94.385;73.792;131.9;125.769997;34.171446;13.692101;9.344082;670.617626
12.24.2015;16.375;92.468;78.72;94.385;73.792;131.9;127.150002;34.349217;13.739941;9.344082;672.223242
12.23.2015;16.38;91.585;78.72;94.385;73.792;131.9;125.580002;33.865288;13.58685;9.002386;668.796526
12.22.2015;16;89.197;76.83;92.278;72.399;129.02;124.650002;33.410987;13.137144;9.173234;656.095367
12.21.2015;16.115;88.944;76.69;91.464;71.574;127.4;124.389999;33.252965;13.204122;9.015528;652.049614
12.18.2015;16.105;89.236;76.45;92.623;72.797;126.97;124.800003;33.687517;13.376349;9.074668;655.119537
12.17.2015;16.14;88.75;77.51;94.548;74.475;127.8;126.660004;34.704759;13.739941;9.008957;663.336661
12.16.2015;15.8;86.265;75.82;91.455;72.133;122.57;122.169998;33.756651;13.271099;8.870965;642.111713
12.15.2015;15.83;85.411;75.53;90.688;71.574;122.47;122.5;33.610051;13.031894;8.60155;639.246495
12.14.2015;15.33;83.003;74.9;88.016;69.157;120.37;123.669998;33.766422;13.051031;8.936675;630.200126
12.11.2015;15.8;85.275;75.53;90.133;70.749;125.55;124.889999;34.82193;13.357213;9.068096;645.174238
12.10.2015;16.04;90.032;78.23;93.159;73.224;130.14;123.900002;34.646012;13.290236;9.074668;661.735918
12.9.2015;16.04;89.342;79.05;93.035;73.081;128.67;122.519997;34.675331;13.366782;9.081239;658.861349
12.8.2015;16.09;89.498;80.02;93.092;73.498;121.15;125.150002;35.31059;13.510304;9.219231;656.538127
12.7.2015;16.465;91.595;82.44;95.764;75.584;124.13;125.900002;35.427868;13.58685;9.225803;670.118523
12.4.2015;16.375;90.138;81.9;94.021;74.522;123.94;124.720001;34.665559;13.376349;9.100952;662.758861
12.3.2015;16.45;88.77;83.79;94.184;74.342;122.72;125.739998;34.919661;13.64426;9.127236;663.687155
12.2.2015;16.6;92.022;86.73;98.312;78.532;123.99;125.919998;35.437639;13.931306;9.357224;680.832167
12.1.2015;16.685;92.284;87.51;98.934;78.883;127.11;124.419998;35.379003;13.711237;9.363796;684.280034
11.30.2015;16.91;92.721;89.68;98.934;80.324;128.48;124.370003;35.545145;13.902601;9.429506;690.296255
11.27.2015;16.35;91.332;85.96;97.211;78.163;120.96;123.860001;35.515827;13.921737;9.206089;672.479654
11.25.2015;16.415;90.944;85.14;96.588;77.736;121.69;124.019997;35.398549;13.921737;9.140379;670.993662
11.24.2015;16.195;87.886;84.71;95.295;75.347;117.54;123.120003;35.261725;13.921737;9.219231;658.495696
11.23.2015;16.085;88.566;83.55;92.671;74.371;113.19;123.669998;35.515827;13.969579;9.225803;650.814207
11.20.2015;15.98;90.566;86.15;94.289;74.845;107.33;123.889999;35.320362;13.940873;9.094381;651.405615
11.19.2015;16.07;90.303;85.48;94.979;75.129;105.92;124.910004;35.633104;13.835623;8.824967;651.084698
11.18.2015;16.07;89.867;85.33;94.558;74.503;103.38;123.150002;34.411454;13.539009;8.838109;643.646574
11.17.2015;16.105;89.333;87.51;93.332;73.982;99.03;122.040001;34.37236;13.433759;8.884107;638.022227
11.16.2015;16.06;89.109;86.83;93.15;73.707;96.34;121.269997;33.531867;13.31894;8.884107;632.200911
11.13.2015;15.56;87.236;86.44;90.707;72.057;95.18;121.730003;34.294176;13.433759;8.910391;625.548329
11.12.2015;15.825;87.08;86.88;90.545;72.437;94.1;123.230003;34.743743;13.692101;9.166663;627.69951
11.11.2015;15.695;86.469;87.31;90.468;72.987;93.16;123.589996;34.812155;13.663395;9.232373;627.386919
11.10.2015;15.92;87.372;88.52;92.115;74.257;93.92;122.220001;34.86102;13.711237;9.337511;632.233769
11.9.2015;16.245;87.537;88.13;91.876;74.968;93.35;122.919998;34.939208;13.893033;9.475504;633.333743
11.6.2015;16.16;87.1;89.05;90.947;73.944;93.76;124.860001;34.636237;13.940873;9.396651;633.794762
11.5.2015;16.5;90.265;90.45;91.972;75.641;94.91;123.559998;34.61669;14.017419;9.370367;641.302474
11.4.2015;16.055;90.168;89.49;88.859;74.029;95.22;123.389999;34.968526;14.170511;9.626639;635.976675
11.3.2015;15.845;88.342;89.39;88.543;73.612;98.1;123.300003;34.76329;14.113101;9.784345;635.792739
11.2.2015;16.15;87.605;87.02;89.616;75.176;108.41;122.620003;34.118258;14.170511;9.620068;644.50584
10.30.2015;16.285;86.741;86.54;90.372;75.612;110.07;123.239998;33.961887;14.093964;9.567499;646.483348
10.29.2015;16.025;83.226;85.82;89.415;74.864;106.75;126.360001;34.421229;14.323602;9.672637;640.877469
10.28.2015;15.975;79.071;84.51;89.395;74.465;105.87;124.830002;34.176899;14.103533;10.126041;632.522475
10.27.2015;15.97;79.023;87.17;89.041;74.788;106.8;125.330002;34.86102;14.851807;10.086615;637.921444
10.26.2015;15.89;79.12;85.48;88.476;74.039;102.7;125.739998;35.134672;14.842335;10.099757;631.521762
10.23.2015;15.64;79.45;86.88;88.984;74.304;104.5;125.230003;34.61669;14.757088;10.014333;634.376114
10.22.2015;16.23;80.304;86.44;89.347;74.617;105.19;123.699997;34.61669;14.596067;9.988049;635.028803
10.21.2015;15.845;78.799;84.08;86.532;72.095;101.38;122.209999;32.72069;14.567652;10.474309;618.70365
10.20.2015;15.42;76.615;81.08;84.281;69.887;98.06;123.550003;32.486135;14.548708;10.822576;606.750422
10.19.2015;15.14;75.761;80.75;83.591;68.569;96.4;123.959999;32.398176;14.472933;10.658299;601.700407
10.16.2015;15.135;75.819;80.79;83.984;69.033;96.87;122.440002;32.564319;14.416103;10.72401;601.775434
10.15.2015;14.885;75.285;80.75;83.074;68.616;98.25;120.050003;32.574094;14.217195;10.388885;598.090177
10.14.2015;15.15;76.246;82;83.333;69.109;100.4;121.07;32.378629;14.150892;10.329745;604.167266
10.13.2015;14.785;73.81;81.61;83.074;67.801;104.11;123.110001;32.271123;14.188779;10.454595;605.214498
10.12.2015;14.77;74.761;82.29;84.386;68.777;103.82;122.599998;32.202711;14.179308;10.29689;608.082907
10.9.2015;14.86;74.703;83.16;85.478;69.659;106.02;123.480003;32.671824;14.198251;10.185181;614.415259
10.8.2015;14.84;72.567;83.64;84.089;68.455;104.11;122.709999;32.300442;13.970927;9.738347;606.420715
10.7.2015;14.425;71.344;81.32;82.557;66.881;101.08;120.919998;31.489267;13.554168;9.363796;592.934229
10.6.2015;14.415;72.023;81.32;82.117;66.066;101.57;122.32;31.039699;13.440505;9.344082;593.655286
10.5.2015;14.02;67.451;81.08;78.745;64.549;94.82;120.730003;31.010379;13.251069;9.219231;574.875682
10.2.2015;13.49;63.781;80.79;77.74;62.976;91.34;118.339996;29.97442;12.947971;8.884107;560.263494
10.1.2015;13.255;62.597;76.74;74.905;61.222;90.2;117.279999;29.339162;12.853253;8.680402;547.071816
9.30.2015;13.435;62.956;76.83;75.02;61.099;94.25;114.25;28.488892;12.455437;8.023295;546.807624
9.29.2015;13.455;62.131;77.17;75.872;61.478;95.47;115.220001;27.912273;12.427021;8.115289;549.250584
9.28.2015;12.645;60.888;76.06;73.143;59.97;92.98;118.510002;28.742996;12.815366;8.529268;544.283632
9.25.2015;12.41;60.364;75.24;73.353;60.283;96.98;117.550003;28.772316;12.929027;8.60812;546.489466
9.24.2015;13.095;63.315;78.43;75.556;62.303;104.79;117.510002;29.045964;12.957444;8.989244;565.991654
9.23.2015;13.005;61.966;77.56;72.482;60.179;109.53;117.580002;29.348935;13.184767;8.759256;563.59496
9.22.2015;13.5;63.102;81.03;76.418;62.966;108.9;119.43;29.925554;13.563639;9.284943;578.120136
9.21.2015;13.855;64.606;79.73;75.968;62.805;103.53;118.82;29.818048;13.525752;9.534644;572.192444
9.18.2015;15.185;69.558;82.44;80.833;67.545;129.11;121.239998;30.599904;13.828851;9.93548;620.275233
9.17.2015;15.58;71.839;83.26;82.088;68.521;158.61;122;30.4924;13.866738;9.784345;656.041483
9.16.2015;16.07;75.004;86.49;84.53;71.574;163.88;119.959999;30.287162;13.554168;9.738347;671.087676
9.15.2015;15.75;73.81;86.93;83.726;71.384;165.69;116.349998;30.023285;13.052161;9.416364;666.131808
9.14.2015;15.725;72.033;85.82;83.544;71.223;165.25;117.099998;29.466212;12.985859;9.57407;662.721139
9.11.2015;15.575;71.033;85.67;81.733;70.285;163.2;117.940002;29.319615;13.004802;9.587212;657.347631
9.10.2015;15.67;71.868;86.44;81.915;69.735;164.03;120.620003;28.596398;12.815366;9.468932;661.158699
9.9.2015;15.655;72.586;87.31;82.423;70.057;164.03;121.239998;28.847412;12.947971;9.567499;664.66388
9.8.2015;15.795;73.936;88.57;81.925;70.342;165.79;116.5;27.881969;12.843782;8.936675;662.520426
9.4.2015;15.515;71.955;86.64;80.488;69.46;163.05;119.610001;28.104022;13.108992;9.114094;657.045109
9.3.2015;15.105;69.509;85.57;77.519;67.744;158.95;117.620003;28.200565;13.137408;9.068096;642.423072
9.2.2015;14.99;68.761;85.09;76.926;66.9;158.41;114.339996;27.650263;12.995331;8.96953;635.03212
9.1.2015;15.69;70.917;87.36;78.688;68.332;162.81;118.379997;28.422618;13.137408;9.284943;653.021966
8.31.2015;15.035;68.606;86.25;76.188;66.057;159.19;120.769997;27.997823;13.014274;9.422936;642.53103
8.28.2015;15.085;69.674;86.11;76.715;66.275;160.51;119.57;27.592337;12.843782;9.462362;643.837481
8.27.2015;15.4;71.926;88.76;78.745;67.934;165.54;117.839996;27.128926;12.512268;9.495218;655.281408
8.26.2015;15.585;73.606;88.81;79.435;68.683;167.35;113.370003;26.337263;12.218641;9.225803;654.62071
8.25.2015;15.8;73.916;88.62;79.444;68.929;168.18;113.519997;26.839292;12.493324;9.02867;656.770283
8.24.2015;15.365;70.422;86.69;77.213;66.493;164.37;119.050003;28.577089;13.127936;9.57407;650.882098
8.21.2015;15.505;71.383;88.09;78.362;67.27;165.15;122.5;29.774237;13.66783;9.606925;661.308992
8.20.2015;14.56;67.014;85.19;73.679;63.592;155.97;126.040001;30.536935;13.989872;9.915766;640.487574
8.19.2015;15.46;71.79;90.69;76.744;66.711;163.05;127.870003;30.614171;14.046702;10.066901;667.042777
8.18.2015;16.205;72.984;90.93;78.535;68.673;165.54;127.870003;30.517628;13.904625;10.158897;675.318153
8.17.2015;16.455;76.557;93.11;80.326;69.991;169.21;128.190002;30.401774;13.999343;10.244321;688.48444
8.14.2015;17.02;79.275;95.62;82.241;71.858;172.43;127.790001;29.986634;13.93304;10.277176;700.430851
8.13.2015;16.93;79.751;96.59;82.969;72.37;173.8;127.419998;29.803201;13.904625;10.106328;703.644152
8.12.2015;17.07;80.819;96.97;82.509;72.958;174.67;129.009995;29.764582;13.923568;10.750294;708.444439
8.11.2015;17.01;79.877;98.42;82.548;72.996;174.28;131.089996;30.836224;14.198251;10.881716;712.137187
8.10.2015;16.825;79.178;95.86;82.452;72.086;173.65;129.949997;30.643135;14.018287;10.743724;705.406143
8.7.2015;17.7;82.362;99.39;85.641;75.774;179.51;128.809998;30.758988;14.046702;10.66487;724.657558
8.6.2015;18.37;85.605;101.99;89.453;79.888;186.39;128.309998;30.507973;14.018287;10.638586;745.170844
8.5.2015;18.43;85.294;99.77;88.955;79.442;184.73;129.850006;30.430738;14.122476;10.638586;741.662806
8.4.2015;18.465;84.683;98.61;88.284;79.594;183.17;133.179993;30.585209;14.150892;10.60573;741.327824
8.3.2015;18.89;85.809;99.19;89.041;80.191;184.25;133.460007;30.421083;14.046702;10.382314;745.681106
7.31.2015;18.33;82.935;98.23;87.039;78.115;179.46;132.270004;30.80726;14.302441;10.23775;731.726455
7.30.2015;17.98;82.1;98.61;88.169;77.85;180.19;132.570007;30.845878;14.406631;9.541215;732.262731
7.29.2015;18.245;81.333;98.42;87.442;77.158;178.14;131.839996;30.237649;13.904625;9.810629;726.530899
7.28.2015;18.11;80.702;98.42;86.062;76.475;180.63;131.789993;29.976979;13.642097;9.468932;725.277001
7.27.2015;18.86;87.711;97.36;85.698;76.864;182;132.550003;29.986634;13.492081;9.955193;734.476911
7.24.2015;17.785;86.682;97.94;86.369;76.646;186.35;133.25;30.411429;13.698352;10.211466;739.343247
7.23.2015;17.27;85.624;97.07;85.315;75.631;181.85;133.990005;29.252897;13.520209;10.191752;729.714863
7.22.2015;17.89;88.517;99.19;87.767;77.632;185.37;134.559998;29.339787;13.604593;10.204894;744.075272
7.21.2015;18.86;90.75;99.87;89.731;79.367;190.55;135.539993;29.445987;13.660848;10.165468;757.940296
7.20.2015;18.86;91.158;100.64;90.152;79.878;190.94;135.360001;29.590802;13.77336;10.172039;760.524202
7.17.2015;18.635;91.575;101.22;91.119;80.646;192.89;135.770004;29.552186;13.660848;10.001191;765.069229
7.16.2015;18.57;91.09;101.7;91.569;80.618;193.72;133.990005;30.343848;13.829617;9.744919;765.175389
7.15.2015;18.23;90.517;98.32;91.541;80.049;195.33;133.449997;30.672099;13.885873;9.547786;761.542755
7.14.2015;18.205;90.769;105.47;91.694;80.656;196.21;133.440002;30.585209;13.726481;9.587212;770.342904
7.13.2015;18.145;88.692;101.61;89.596;78.959;193.28;131.520004;30.314884;13.576464;9.50836;755.201712
7.10.2015;18.035;88.304;105.37;90.669;78.997;196.11;129.029999;29.938362;13.435824;9.160092;759.049277
7.9.2015;18.415;89.226;104.89;90.956;79.186;201;128.110001;30.112142;13.473328;8.949817;764.318288
7.8.2015;18.53;88.537;103.06;91.177;78.608;201;132.380005;31.724431;13.923377;9.278371;768.218184
7.7.2015;17.855;85.915;100.06;90.018;76.779;198.94;132.729996;31.521689;13.867121;9.232373;756.918179
7.6.2015;17.205;84.052;96.68;88.198;75.015;194.7;132.75;32.081643;13.942129;9.39008;744.013852
7.2.2015;17.725;88.022;97.36;89.932;75.527;199.92;133.600006;31.898211;14.054641;9.613497;757.652355
7.1.2015;18.595;91.41;99.29;93.15;77.764;204.8;133.75;32.17819;14.073393;9.547786;774.558369
6.30.2015;18.815;92.284;101.12;94.72;78.447;207.73;132.449997;32.081643;14.08277;9.547786;781.278196
6.29.2015;18.78;93.177;100.83;95.008;78.665;208.47;135.460007;33.191903;14.439057;10.244321;788.265288
6.26.2015;19.08;94.206;102.48;96.253;79.727;211.2;134.869995;33.500844;14.476561;10.112899;795.906299
6.25.2015;18.445;90.692;99.29;94.031;77.395;203.14;135.399994;33.944947;14.532818;10.165468;777.036227
6.24.2015;18.7;91.517;101.61;95.103;78.504;206.95;137.100006;35.04555;14.335922;10.375742;789.24122
6.23.2015;19.34;95.245;104.89;99.126;82.106;214.23;135.479996;34.939351;14.185905;10.231178;809.77343
6.22.2015;19.065;94.556;106.24;99.318;81.822;213.55;134.020004;34.862118;14.167153;9.981477;807.581752
6.19.2015;19.085;93.866;106.92;98.887;81.386;213.3;134.479996;34.949008;14.195282;10.132613;807.200899
6.18.2015;19.125;94.575;106.05;99.94;82.23;215.06;134.869995;34.572486;14.08277;9.981477;810.486728
6.17.2015;18.66;92.692;105.28;97.977;81.035;212.81;136.059998;34.379397;14.064017;10.185181;803.142593
6.16.2015;18.02;89.459;102.48;93.609;77.357;205.1;135.509995;34.234579;14.110897;10.191752;780.072223
6.15.2015;17.44;88.012;102.48;93.743;77.414;205.34;135.490005;34.475939;14.279665;10.461167;779.135776
6.12.2015;17.515;89.061;104.12;92.91;77.328;202.51;135.179993;34.321469;14.326545;10.415169;777.687176
6.11.2015;18.005;90.808;105.57;94.194;78.494;204.9;134.240005;34.360087;14.092145;10.323174;784.986411
6.10.2015;17.965;89.75;105.08;94.423;77.973;203.88;132.300003;34.04149;13.951505;10.047189;779.411187
6.9.2015;18.715;91.905;108.66;95.697;79.774;208.42;133.149994;33.780824;13.970257;10.244321;794.316396
6.8.2015;18.72;92.274;108.08;96.971;80.22;211.69;135.509995;33.558769;13.857745;10.283747;801.165256
6.5.2015;18.25;91.167;108.85;96.54;79.167;212.86;136.850006;33.9601;14.110897;10.566304;802.321307
6.4.2015;17.86;89.954;104.89;93.897;76.646;207.69;137.440002;34.342316;14.251537;10.717439;787.688294
6.3.2015;17.475;87.77;105.66;93.255;76.105;205.83;136.570007;34.609872;14.307794;10.618872;782.201545
6.2.2015;17.975;89.604;106.24;95.381;77.594;208.91;137.240005;34.571649;14.401553;10.704297;792.621504
6.1.2015;18.2;90.701;106.15;96.061;78.627;212.57;137.889999;34.370985;14.22341;10.533449;799.326843
5.29.2015;18.4;92.585;107.5;96.971;79.442;212.72;139.740005;34.772313;14.335922;10.60573;807.07197
5.28.2015;18.61;91.614;105.37;95.965;79.31;211.89;138.770004;34.218098;14.364049;10.553162;800.664313
5.27.2015;18.855;92.022;106.73;96.492;81.282;215.21;137.699997;33.940989;14.242161;10.342887;806.817034
5.26.2015;19;91.769;107.21;96.444;80.845;215.84;138.220001;34.112987;14.31717;10.474309;808.232467
5.22.2015;19.25;93.73;110.49;98.695;83.026;221.55;139.440002;33.998323;14.542194;10.428311;825.14983
5.21.2015;19.475;95.594;111.85;100.467;84.571;224.04;139.009995;33.463216;14.345298;10.349458;833.164967
5.20.2015;18.58;95.245;110.01;99.222;83.86;221.07;139.529999;33.558769;14.532818;10.250892;825.859478
5.19.2015;18.545;95.876;109.91;100.371;85.036;224.58;139.429993;33.491881;14.607826;10.165468;832.013168
5.18.2015;18.385;95.924;110.59;100.371;85.036;224.58;139.369995;33.358105;14.514065;10.152326;832.280491
5.15.2015;18.24;95.643;110.78;100.898;85.292;225.12;137.949997;33.109665;14.31717;10.060331;831.410163
5.14.2015;18.36;94.012;109.62;101.951;85.045;227.17;136.619995;33.252995;14.448434;9.882912;830.362336
5.13.2015;18.08;93.692;110.2;102.622;84.723;227.76;137.660004;33.195664;14.589074;9.725205;832.246947
5.12.2015;17.6;89.129;107.6;98.982;81.974;217.16;137.449997;33.654326;14.673458;9.843484;808.066265
5.11.2015;17.145;88.158;104.02;97.689;80.608;210.66;142.119995;33.749879;14.69221;9.942051;798.784135
5.8.2015;17.235;88.643;105.08;100.18;82.068;215.69;137.919998;33.32944;14.542194;9.744918;804.43255
5.7.2015;16.92;88.236;105.08;97.689;79.973;213.01;137.160004;33.224329;14.514065;9.416364;795.222762
5.6.2015;16.905;88.75;104.12;99.04;81.225;215.4;137.550003;33.453658;14.560946;9.659495;800.664102
5.5.2015;17.215;90.728;105.76;101.787;83.481;221.99;140.059998;33.826324;14.795346;9.725205;819.367873
5.4.2015;17.19;90.139;106.73;101.973;83.49;226.58;139.960007;33.845432;14.823475;9.626639;824.357553
5.1.2015;16.855;88.408;105.57;97.41;80.817;219.75;139.020004;33.501439;14.814098;9.692349;805.83789
4.30.2015;16.51;87.485;105.08;96.944;80.267;215.65;140.789993;33.931431;15.020371;10.099757;801.777552
4.29.2015;16.89;87.504;106.05;99.179;80.817;218.42;142.059998;34.132099;14.917234;10.691155;810.660486
4.28.2015;17.005;88.921;109.24;99.412;82.997;220.67;140.660004;34.189429;14.768619;10.862003;818.725055
4.27.2015;16.9;89.492;110.98;98.807;81.841;221.24;141.210007;34.007877;14.64787;10.638586;819.76434
4.24.2015;16.9;89.492;110.98;98.807;81.841;221.24;141.029999;34.323205;14.638581;10.566304;819.818089
4.23.2015;16.37;87.714;110.01;99.04;81.661;220.57;141.660004;35.508083;14.777908;10.704297;818.015292
4.22.2015;17.075;90.557;113.78;102.299;84.306;229.7;141.330002;35.508083;14.694311;10.691155;839.940551
4.21.2015;17.44;92.288;115.81;105.233;84.893;234.62;138.729996;35.460307;14.777908;10.526877;849.779088
4.20.2015;17.165;92.326;115.9;102.858;82.628;222.77;138.429993;35.011199;14.638581;10.645157;832.37193
4.17.2015;16.82;89.007;114.55;102.672;81.708;218.47;138.979996;35.431642;14.805773;10.704297;823.148708
4.16.2015;17.295;89.682;112.62;102.439;82.941;216.65;139.080002;35.297862;14.926522;10.835719;821.767105
4.15.2015;17.08;89.825;98.03;104.301;82.741;217.94;138.660004;34.858312;14.833639;10.737152;809.006107
4.14.2015;16.53;86.296;95.72;104.022;82.116;220.62;137.559998;34.78187;14.740754;10.802864;803.189486
4.13.2015;16.45;85.983;94.41;102.811;80.4;224.63;139.649994;34.944311;14.88937;10.829147;804.996822
4.10.2015;16.43;87.704;97.07;105.139;82.334;227.17;139.910004;34.67676;14.815061;10.973711;816.222536
4.9.2015;16.165;85.203;98.42;107.468;82.808;231.99;139.940002;34.504761;14.842926;10.901429;822.243118
4.8.2015;15.885;84.765;97.55;107.235;82.41;235.58;139.720001;34.141653;14.768619;10.750294;822.805567
4.7.2015;16.065;84.946;97.94;108.259;83.585;237.68;140.639999;35.03031;14.861504;10.980282;829.987095
4.6.2015;15.96;85.06;96.39;109.284;84.04;242.03;140.020004;34.877423;14.88937;10.967141;833.517938
4.2.2015;15.965;83.976;96.87;108.213;82.751;238.59;138.479996;35.106756;14.777908;10.750294;825.479954
4.1.2015;15.545;81.855;96.87;105.465;81.462;233.57;139.889999;35.832969;14.991541;10.717439;816.198948
3.31.2015;15.885;81.085;97.55;107.002;82.561;233.9;142.550003;36.004968;15.010118;10.875145;822.423234
3.30.2015;15.835;80.514;97.55;107.049;83.14;233.04;142.399994;35.651417;14.842926;10.789721;820.812058
3.27.2015;15.835;80.514;97.55;107.049;83.14;233.04;143.110001;35.689636;14.870792;10.566304;821.364733
3.26.2015;15.835;80.514;97.55;107.049;83.14;233.04;143.809998;35.718305;15.028696;10.72401;822.409009
3.25.2015;15.81;79.287;97.26;107.561;83.14;233.86;144.520004;36.167409;15.381656;10.881715;823.868784
3.24.2015;15.59;80.619;98.2;108.445;82.752;236.92;145.320007;36.874514;15.390944;10.691155;830.80262
3.23.2015;15.775;81.865;98.2;109.889;83.794;238.87;143.089996;37.142066;15.307348;10.763436;834.695846
3.20.2015;15.215;79.592;97.54;108.12;81.59;233.81;140.100006;36.931848;15.177311;10.684584;818.760749
3.19.2015;15.435;79.744;98.57;108.445;81.821;232.57;140.080002;36.788515;15.288771;10.684584;819.426872
3.18.2015;14.965;77.538;98.67;106.304;80.788;233.24;136.960007;36.587851;15.223752;10.789721;811.066331
3.17.2015;15.39;79.002;98.2;107.188;81.553;234.48;137.520004;36.86496;15.316637;10.986853;816.501454
3.16.2015;15.425;77.899;95.01;105.931;81.802;230.18;136.169998;36.358519;15.047273;10.78315;804.60594
3.13.2015;15.79;79.772;96.79;108.725;84.394;239.02;137.529999;36.721627;15.019407;10.434882;824.196915
3.12.2015;15.595;79.506;94.64;108.585;83.232;237.06;134;36.100521;14.629293;10.185181;813.532995
3.11.2015;15.16;79.012;93.13;107.933;82.918;233.71;133.690002;35.880746;14.601428;9.915766;805.950942
3.10.2015;15.59;82.616;91.92;112.683;84.578;241.31;135.389999;35.985856;14.88937;10.145754;825.107979
3.9.2015;16.575;85.593;92.38;114.173;88.341;243.94;134.889999;34.915645;14.796485;10.001191;835.60532
3.6.2015;16.17;84.67;91.12;111.705;85.86;236.82;134.899994;35.645424;14.963677;10.244321;822.098416
3.5.2015;16.825;85.174;91.45;110.401;85.445;230.75;135.520004;35.607513;14.88937;10.185181;816.247068
3.4.2015;16.775;85.735;91.73;111.146;84.91;231.56;135.399994;35.825498;15.019407;10.060331;818.16123
3.3.2015;16.205;82.407;90.74;105.884;81.802;221.1;135.869995;35.645424;15.390944;10.402027;795.44639
3.2.2015;16.245;82.692;91.45;106.49;83.13;221.96;135.369995;35.361095;15.177311;10.126041;798.001442
2.27.2015;16.125;81.684;91.77;107.375;82.927;219.71;136.800003;35.598037;15.214464;10.165468;797.368972
2.26.2015;15.61;80.562;92.67;106.629;82.217;215.69;136.869995;35.882365;15.335214;9.981477;791.447051
2.25.2015;15.175;80.781;91.4;105.233;81.148;214.31;138.339996;35.77811;15.195888;10.191752;787.552746
2.24.2015;14.595;79.021;90.84;103.37;78.943;211.82;136.979996;35.721243;15.214464;10.224608;776.729311
2.23.2015;14.82;81.161;93.13;106.35;79.93;216.99;136.899994;35.683335;15.233041;10.185181;790.382551
2.20.2015;14.965;81.646;94.73;105.233;79.783;215.55;135.279999;35.550645;15.260907;9.922338;787.920889
2.19.2015;14.91;80.162;93.7;104.301;78.897;214.98;134.160004;35.247361;15.05656;9.659495;781.07342
2.18.2015;14.365;78.65;93.28;102.113;78.409;213.16;132.080002;35.294752;14.963677;9.488646;771.804077
2.17.2015;14.675;80.781;93.65;103.044;78.593;216.12;132.490005;35.6549;15.140156;9.547786;779.695847
2.13.2015;14.575;80.866;93.98;103.975;78.362;218.56;131.820007;36.034007;15.195888;9.50836;782.876262
2.12.2015;14.23;80.98;93.28;103.463;78.187;215.07;131.020004;35.702288;15.093715;9.048384;776.074391
2.11.2015;14.23;80.229;92.81;101.927;77.542;213.3;130.850006;35.560125;14.9451;9.081239;770.47447
2.10.2015;14.4;79.04;91.96;101.275;77.127;207.57;129.160004;34.119523;14.787196;8.746114;758.184837
2.9.2015;13.495;77.052;90.37;99.412;76.029;202.98;129.570007;34.119523;14.731465;8.936675;746.69567
2.6.2015;13.75;76.082;90.79;99.273;76.389;204.42;131.740005;34.356464;14.722177;9.245515;750.768161
2.5.2015;13.83;75.464;89.34;100.39;76.721;203.27;132.679993;33.958404;14.740754;9.173234;749.567385
2.4.2015;13.765;73.42;89.01;99.366;76.675;204.99;131.100006;32.205038;14.536408;9.166663;744.234115
2.3.2015;13.395;65.821;86.43;97.27;76.029;200.97;131.089996;31.380484;14.183448;8.870965;725.439893
2.2.2015;13.29;65.65;88.16;97.503;75.771;199.87;128.850006;30.916077;13.663295;8.680402;722.35378
1.30.2015;12.865;64.889;88.96;95.454;74.369;198.35;132.149994;31.427871;13.793333;8.759256;721.017454
1.29.2015;13.305;67.666;89.85;99.505;75.946;204.8;130.949997;31.124587;13.431084;8.48327;735.060938
1.28.2015;13.36;67.637;90.6;99.319;76.343;203.32;131.100006;31.674288;13.654006;8.673832;735.681132
1.27.2015;13.44;66.895;93.28;99.319;76.204;200.54;131.860001;31.939665;13.865482;8.903819;736.246967
1.26.2015;13.08;66.724;93.51;98.993;75.762;197.96;129.660004;31.987052;13.709173;8.476699;729.861928
1.23.2015;12.69;65.146;91.45;97.084;74.895;193.33;129.860001;32.053396;13.819509;8.351849;718.679755
1.22.2015;12.855;64.87;91.4;96.292;74.222;189.55;128.660004;32.119739;13.764341;8.12186;711.854944
1.21.2015;12.915;66.363;91.31;95.873;74.046;195.14;129.160004;32.15765;13.80112;8.174429;718.940203
1.20.2015;12.855;66.049;91.45;96.013;73.696;195.19;128.880005;31.920709;13.810315;7.951012;717.815041
1.16.2015;12.685;64.813;88.49;94.989;72.515;193.04;126.779999;31.683768;13.6632;7.760451;706.419418
1.15.2015;12.595;65.555;91.26;98.015;74.747;196.19;125.82;32.508322;13.893065;7.924728;718.508115
1.14.2015;12.335;65.602;90.74;95.734;73.465;194.81;126.410004;33.408699;13.985012;7.957583;714.447298
1.13.2015;12.09;64.214;90.65;91.301;71.261;189.36;126.040001;33.96788;13.994207;7.918157;700.796245
1.12.2015;11.53;61.874;88.82;88.395;69.094;185.97;126.080002;33.730939;13.985012;7.786736;687.265689
1.9.2015;11.49;60.638;87.04;88.228;69.103;184.53;127.580002;34.309076;14.178099;7.681598;684.777775
1.8.2015;11.375;60.771;85.44;87.744;68.919;184.15;125.169998;33.96788;13.828703;7.609316;678.974897
1.7.2015;11.3;59.858;85.68;87.157;68.596;183.34;122.099998;33.029592;13.442529;7.615887;672.119006
1.6.2015;11.06;58.65;85.3;84.81;67.259;178.27;123.370003;32.536758;13.571254;7.39247;662.219485
1.5.2015;10.74;56.843;83.38;82.677;65.755;175.45;125.669998;33.020116;14.122931;7.681598;655.339643
1.2.2015;10.85;58.526;86.19;84.4;66.65;177.6;125.480003;33.086459;14.251656;7.609316;664.643434
12.31.2014;10.6;56.472;83.99;82.556;65.479;173.73;125.910004;33.257057;14.251656;7.740738;653.986455
12.30.2014;10.23;55.959;82.44;82.1;64.022;172.92;127.370003;32.792651;14.270046;7.727596;649.831296
12.29.2014;10.15;56.681;82.35;83.246;64.621;175.74;128.100006;31.968097;14.205683;7.806449;654.868235
12.26.2014;9.772;54.57;79.72;80.359;61.91;170.62;126.760002;31.683768;14.067764;7.806449;637.268983
12.24.2014;9.795;54.694;80.05;79.93;61.43;169.57;126.760002;31.806978;14.095347;7.760451;635.891778
12.23.2014;9.822;54.979;80.05;79.232;61.024;168.52;126.639999;31.494214;13.994207;7.668456;633.423876
12.22.2014;10.2;56.967;80.61;81.96;63.404;174.45;127.010002;31.096155;13.819509;7.655313;647.171979
12.19.2014;10.22;57.566;80.1;83.599;63.607;176.5;124.739998;30.091523;13.617228;7.583032;647.623781
12.18.2014;10.22;57.566;80.1;83.599;63.607;176.5;123.220001;29.522864;13.286221;7.523892;645.144978
12.17.2014;10.16;57.262;80.1;83.599;63.607;176.5;121.940002;29.124803;12.955215;7.550176;642.798196
12.16.2014;10.28;57.785;81.04;84.754;64.593;178.37;121.550003;29.3807;13.129912;7.497607;648.380222
12.15.2014;10.29;57.994;81.22;84.587;64.612;178.85;124.540001;29.920925;13.78273;7.464752;653.261408
12.12.2014;10.29;57.994;81.22;84.587;64.612;178.85;126.089996;30.508538;14.049374;7.346473;655.547381
12.11.2014;10.29;57.994;81.22;84.587;64.612;178.85;125.489998;30.300031;13.939039;7.537034;654.819102
12.10.2014;10.32;58.117;81.22;84.587;64.612;178.85;128.360001;31.096155;14.187294;8.325564;659.675014
12.9.2014;10.165;57.338;80.19;83.832;64.012;177.75;128.419998;30.972945;14.187294;8.71983;655.587067
12.8.2014;10.33;57.69;80.14;83.758;63.671;177.08;129.029999;31.873321;14.435548;8.943246;656.951114
12.5.2014;10.26;57.081;78.88;84.121;63.597;176.41;128.600006;31.084238;14.536689;8.686974;653.256907
12.4.2014;9.78;55.512;78.32;81.485;61.947;170.1;127.709999;31.600899;14.720582;8.910391;640.085871
12.3.2014;9.78;54.798;78.64;82.007;61.919;170.67;126.57;31.243932;14.61944;8.60155;638.848922
12.2.2014;9.557;55.198;76.86;79.167;59.558;167.37;124.940002;30.943329;14.499911;8.351849;626.445091
12.1.2014;9.914;57.043;77.66;81.932;61.402;173.64;123.129997;31.403629;14.463132;8.187572;638.77533
11.28.2014;10.065;58.84;79.3;84.102;62.998;178.22;121.699997;30.126065;14.352796;8.272996;647.976854
11.26.2014;10.285;58.66;80.14;83.618;62.749;174.78;121.809998;30.276366;14.417159;8.312422;645.047945
11.25.2014;10.32;59.354;79.63;82.789;62.684;175.02;121.459999;30.23879;14.407964;8.266424;644.170177
11.24.2014;10.675;60.923;80.66;85.304;63.69;178.03;121.290001;30.182429;14.187294;8.056149;652.997873
11.21.2014;10.875;61.246;80.89;86.002;64.557;179.75;119.720001;30.182429;14.214877;8.029865;655.467172
11.20.2014;10.535;58.878;79.07;83.693;62.316;174.5;120.349998;30.201218;14.196488;8.036436;641.77614
11.19.2014;10.285;59.088;79.49;84.978;62.906;176.36;120.07;30.313943;14.251656;8.417559;646.160158
11.18.2014;10.12;59.477;78.03;85.499;62.565;175.69;118.589996;30.351519;14.288434;8.233569;642.844518
11.17.2014;10.325;60.961;77.89;85.89;62.694;176.55;119.82;29.863039;13.92065;8.148144;646.061833
11.14.2014;10.3;61.36;77.05;85.63;62.528;177.03;119.82;29.731523;13.727563;8.102147;645.279233
11.13.2014;10.19;60.98;77.52;85.201;61.891;176.31;118.790001;29.515465;13.405751;7.668456;641.471673
11.12.2014;10.065;60.799;77.71;84.261;61.227;174.59;119.139999;29.449709;13.212664;7.504179;637.958551
11.11.2014;10.085;60.885;78.5;84.14;61.061;175.21;117.970001;29.233651;12.872463;7.261048;637.218163
11.10.2014;9.952;60.524;77.33;83.255;60.305;172.01;118.669998;29.675161;13.028772;7.188766;631.938697
11.7.2014;9.601;59.354;76.67;82.1;59.54;170.1;119.830002;29.468497;13.047161;7.21505;626.92571
11.6.2014;9.277;57.804;78.03;79.064;58.018;166.71;121.370003;28.86729;12.817295;7.320188;619.277776
11.5.2014;9.244;57.556;79.68;78.924;57.861;166.32;119.400002;28.951834;12.82649;7.261048;618.024374
11.4.2014;9.226;57.547;80.71;78.626;57.686;166.66;122;29.290013;12.863269;7.379327;621.987609
11.3.2014;9.038;56.234;79.07;77.723;56.588;163.26;121.349998;29.496677;12.955215;7.530463;613.245353
10.31.2014;9.033;56.396;79.49;77.351;56.367;162.45;115.860001;28.91426;12.82649;7.123056;605.810807
10.30.2014;8.874;55.645;79.63;77.034;56.404;161.07;115.809998;28.857895;12.789712;7.129627;603.244232
10.29.2014;8.881;55.749;79.82;77.025;56.256;161.59;115.099998;29.280619;12.904644;6.387095;602.993356
10.28.2014;9.026;56.168;81.04;78.515;57.557;164.03;114.339996;28.25669;12.594787;6.071682;607.599155
10.27.2014;9.084;56.995;81.83;78.142;57.981;164.46;114.510002;28.219115;12.558333;6.24253;610.02198
10.24.2014;9.102;56.092;81.13;77.602;57.511;163.6;113.410004;29.055167;13.123367;6.327955;606.953493
10.23.2014;9.33;57.442;80.57;78.58;58.073;165.8;112.269997;29.412133;12.877304;6.18339;610.537824
10.22.2014;9.408;56.501;80.38;78.086;57.64;163.36;113.349998;28.970622;12.995779;6.209675;606.901074
10.21.2014;9.253;56.377;79.35;77.192;56.404;161.16;113.309998;28.50093;12.913758;6.11768;600.578366
10.20.2014;9.427;55.968;79.72;79.409;56.957;162.26;109.790001;28.406991;12.777057;5.979687;600.694736
10.17.2014;9.458;56.33;80.66;79.455;57.206;162.55;110.18;28.125177;12.740602;5.743128;602.447907
10.16.2014;9.014;54.408;79.96;77.323;55.897;157.86;110.059998;27.89033;12.412518;5.75627;590.581116
10.15.2014;9.009;52.868;80.57;76.987;55.795;154.95;111.620003;28.284872;12.558333;5.881121;588.523329
10.14.2014;9.023;52.497;79.82;76.755;55.703;153.8;112.669998;27.984269;12.339611;5.861407;586.453285
10.13.2014;8.936;51.546;77.75;75.702;54.864;151.36;113.970001;28.453962;12.567447;5.716844;580.866254
10.10.2014;9.2;52.449;79.25;76.634;55.5;153.37;114.519997;29.149106;12.613014;5.861407;588.546524
10.9.2014;9.444;52.858;74.09;77.434;55.685;154.18;116.260002;30.229398;12.950212;6.078253;589.208865
10.8.2014;9.47;53.144;73.16;76.913;55.131;152.85;115.82;29.84425;12.849964;6.078253;585.260467
10.7.2014;9.368;52.582;72.22;75.758;54.735;152.27;116.699997;31.704232;13.232729;6.078253;584.648211
10.6.2014;9.178;51.508;70.95;74.138;53.831;150.03;116.160004;31.713624;13.296523;6.143964;576.949115
10.3.2014;9.275;51.803;72.13;75.032;54.735;152.94;114.480003;31.168783;13.269183;6.176819;581.009788
10.2.2014;8.669;49.815;70.81;72.499;53.471;146.35;116.650002;30.520609;13.296523;6.584227;568.665361
10.1.2014;8.718;49.406;69.17;72.089;52.632;143.62;117.529999;30.003946;13.478792;6.584227;563.231964
9.30.2014;9.206;51.46;72.03;74.007;54.218;148.45;117.519997;30.266974;13.770422;6.584227;577.51262
9.29.2014;8.976;50.576;70.48;73.979;52.291;146.44;118.650002;31.159387;14.882263;6.676222;574.109874
9.26.2014;9.103;50.585;70.53;74.063;51.654;144.29;117.870003;30.877572;14.763789;6.794502;570.530866
9.25.2014;9.446;51.974;72.27;76.829;53.222;148.74;118.849998;31.610295;14.95517;6.60394;584.500403
9.24.2014;9.787;51.964;71.09;75.656;53.342;148.45;118.25;31.206359;14.736448;6.60394;581.085747
9.23.2014;10.21;52.468;71.61;76.671;53.859;150.12;119.010002;31.413021;14.909604;6.60394;586.874567
9.22.2014;10.33;52.269;72.36;76.345;54.412;150.07;118.760002;31.882713;15.173893;6.590797;588.193405
9.19.2014;10.39;52.411;73.34;77.872;54.606;150.69;119.43;31.967258;15.110099;6.689364;592.505721
9.18.2014;10.02;51.66;72.73;77.872;54.606;150.69;117.349998;31.798169;15.064533;6.689364;588.480064
9.17.2014;10.095;53.239;73.95;78.999;55.565;153.61;117.589996;31.666655;15.055419;6.689364;596.459434
9.16.2014;10.155;54.542;74.94;79.176;56.007;157.15;117.160004;31.591506;15.009851;6.590797;602.322158
9.15.2014;10.265;56.025;74.89;79.353;55.832;157.62;117.110001;31.253327;15.119213;6.702506;604.170047
9.12.2014;10.285;56.054;75.41;79.753;56.284;158.96;116.370003;31.572718;15.183007;6.794502;606.66623
9.11.2014;10.105;55.93;74.47;79.39;56.09;159.2;116.489998;31.272116;15.155666;6.610512;604.713292
9.10.2014;10.25;55.749;75.13;80.824;56.745;162.64;115.019997;31.06545;15.155666;6.5448;609.123913
9.9.2014;10.055;55.217;75.41;79.064;56.395;163.26;116.040001;31.225147;15.310594;6.41995;608.396692
9.8.2014;10.2;56.234;77.99;80.806;57.852;166.37;116.389999;32.202106;15.620452;6.551372;620.215929
9.5.2014;10.395;56.529;78.69;82.873;58.793;168.52;116.050003;32.248668;15.738928;6.564513;626.402112
9.4.2014;10.47;56.691;78.6;84.167;58.903;168.04;115.959999;32.09967;15.921196;6.564513;627.416378
9.3.2014;10.57;55.778;79.02;83.627;58.295;166.61;116.199997;32.406976;16.039671;6.472518;625.019162
9.2.2014;10.485;55.635;78.27;83.134;58.119;166.75;114.32;32.406976;15.866515;6.472518;621.459009
8.29.2014;10.795;56.111;77.05;83.339;58.156;167.61;114.43;32.295229;15.875629;6.472518;622.134376
8.28.2014;10.925;56.681;76.39;83.283;58.055;167.76;114.910004;32.323164;15.820949;6.590797;622.738914
8.27.2014;10.935;57.195;76.72;83.814;58.295;168.52;115.080002;32.453537;15.66602;6.472518;625.151077
8.26.2014;10.865;57.1;76.63;84.121;58.737;168.19;114.870003;32.285914;15.702473;6.321383;624.822773
8.25.2014;10.965;57.518;76.63;84.968;59.447;169.57;114.089996;31.885486;15.647793;6.321383;627.042658
8.22.2014;11.055;59.173;77.33;85.592;59.89;171.63;115.779999;32.220728;15.857402;6.373952;634.902081
8.21.2014;11.15;59.601;78.03;85.723;60.102;171.49;115.699997;32.155542;15.866515;6.295099;636.113153
8.20.2014;11.02;58.07;78.97;85.248;59.152;169.53;116.949997;32.192792;15.820949;6.295099;633.248837
8.19.2014;10.83;57.09;78.88;83.823;58.009;166.42;117.209999;32.034484;15.884743;6.518516;626.699742
8.18.2014;10.54;55.921;79.21;81.942;57.013;163.98;116.889999;31.512991;15.775381;6.433092;619.217463
8.15.2014;10.465;54.932;79.16;81.96;57.068;162.5;117.739998;31.615427;15.884743;6.41995;617.745118
8.14.2014;10.69;56.662;79.3;82.51;57.4;163.31;117.93;31.615427;15.875629;6.334526;621.627582
8.13.2014;10.725;58.374;80.24;83.143;57.326;164.46;117.239998;31.382619;15.684246;6.209675;624.784538
8.12.2014;10.96;59.135;81.36;84.074;58.239;166.51;116.760002;31.475741;15.647793;6.170249;630.331785
8.11.2014;10.93;59.04;82.07;84.875;58.553;167.47;117.629997;31.224307;15.574885;6.025684;633.392873
8.8.2014;10.85;58.232;82.07;84.866;57.99;166.66;116.68;30.83319;15.328822;5.762842;629.272854
8.7.2014;10.655;57.946;80.99;82.938;56.856;164.51;116.610001;31.103249;15.474637;5.690559;622.773446
8.6.2014;10.755;57.585;81.5;83.609;57.363;165.13;119.029999;31.065999;15.37439;6.308241;627.720629
8.5.2014;10.63;56.51;82.07;82.519;56.561;164.03;118.120003;31.298807;15.511091;6.308241;623.558142
8.4.2014;10.585;56.777;82.63;82.901;56.81;162.64;117.589996;31.140496;15.319708;6.308241;622.701441
8.1.2014;10.4;56.101;81.13;81.979;56.247;159.73;117.989998;31.494366;15.511091;6.334526;616.916981
7.31.2014;10.175;54.722;80.43;80.312;55.067;158.2;120.040001;31.950673;15.912082;6.531658;613.340414
7.30.2014;10.37;55.664;80.71;82.212;56.321;160.49;120.580002;32.081045;15.898412;6.722219;621.048678
7.29.2014;10.32;55.036;81.13;81.793;55.943;160.49;120.580002;32.500101;15.961752;6.728791;620.482646
7.28.2014;10.175;55.017;81.27;81.206;55.196;160.3;119.629997;32.65841;15.943656;6.912781;618.308844
7.25.2014;10.2;55.892;81.74;82.724;55.989;161.07;119.379997;33.282339;16.142725;6.899639;623.3197
7.24.2014;9.946;55.302;80.8;80.452;54.661;158.2;119.43;34.8375;16.088434;6.741933;616.458867
7.23.2014;9.918;55.15;80.38;80.275;54.366;159.35;119.18;35.16343;16.124628;6.820786;616.727844
7.22.2014;10.31;56.377;81.64;81.988;55.168;160.97;118.660004;34.856125;16.016045;6.879925;622.865099
7.21.2014;10.565;58.127;82.35;82.417;55.731;162.5;118.900002;34.8375;16.034141;6.958779;628.420422
7.18.2014;10.87;58.774;80.8;82.333;56.413;165.18;118.379997;34.548815;16.052239;6.84707;630.198121
7.17.2014;10.795;57.243;80.33;81.606;56.118;165.42;119.150002;34.902686;16.10653;6.794502;628.46572
7.16.2014;11.21;59.316;81.08;83.199;57.068;166.85;118.709999;34.995811;15.871268;6.735362;635.03544
7.15.2014;11.235;60.78;82.07;84.717;58.165;167.95;119;35.107559;15.880315;6.735362;641.640236
7.14.2014;10.595;63.034;81.6;85.238;58.922;169.33;118.519997;35.340367;15.807926;6.610512;644.997802
7.11.2014;10.71;66.097;81.97;85.872;58.175;168.33;118.050003;35.15412;15.654099;6.623653;646.635875
7.10.2014;10.875;66.03;83.1;87.818;60.084;172.06;120.040001;35.358992;15.771732;6.630224;657.767949
7.9.2014;11.18;66.953;82.16;88.945;61.144;175.26;120.300003;34.995811;15.482177;6.630224;663.050215
7.8.2014;10.96;66.525;82.11;87.967;60.48;175.64;121.160004;34.865435;15.672197;6.748504;662.12814
7.7.2014;10.92;65.963;82.68;87.511;60.951;174.26;121.730003;35.144809;15.672197;6.899639;661.731648
7.3.2014;10.81;65.707;81.69;86.123;59.798;173.35;121.879997;35.144809;15.58171;6.676222;656.760738
7.2.2014;11.23;66.677;83.05;87.175;60.314;175.4;122.260002;35.005122;15.572662;6.741933;663.425719
7.1.2014;11.3;67.485;87.08;87.976;61.384;176.84;119.660004;33.803828;15.599808;6.511945;667.640585
6.30.2014;11.485;68.484;88.49;88.703;62.5;180.76;118.839996;34.101823;15.636003;6.636796;675.636618
6.27.2014;11.455;67.162;87.27;86.123;62.048;178.27;117.650002;34.362571;15.563615;6.617082;666.52127
6.26.2014;11.095;66.41;88.3;86.449;62.352;178.32;117.470001;34.539505;15.563615;6.78793;667.287051
6.25.2014;10.76;65.64;86.71;85.741;61.495;177.17;116.550003;34.064576;15.355495;6.78793;660.274004
6.24.2014;10.75;64.889;87.37;85.136;61.836;176.26;117.220001;34.148384;15.274058;6.702506;659.585949
6.23.2014;10.8;65.184;88.91;86.347;62.86;176.36;118.220001;33.729331;15.084037;6.814214;664.308583
6.20.2014;10.79;65.146;89.05;86.328;62.85;176.84;117.75;33.869014;15.183573;6.814214;664.620801
6.19.2014;11.23;67.181;90.27;87.455;63.893;180.47;116.050003;33.803828;15.228815;6.820786;672.402432
6.18.2014;11.275;67.114;91.45;88.61;64.962;183.48;114.709999;33.859704;15.192622;6.78793;677.441255
6.17.2014;11.405;67.162;91.26;88.768;64.962;184.01;114.480003;33.580334;15.047842;6.899639;677.574818
6.16.2014;11.21;66.154;88.68;87.427;64.298;184.29;114.239998;33.179902;14.984502;6.899639;671.363041
6.13.2014;11.125;65.669;87.08;86.887;63.81;183.77;114.260002;33.077466;14.948309;6.899639;667.526416
6.12.2014;10.795;62.797;86.8;86.253;63.081;183.34;114.059998;33.636206;15.292155;7.017919;663.072278
6.11.2014;11.01;64.118;87.65;86.011;63.016;182.57;113.870003;33.896954;15.39169;7.096771;664.630418
6.10.2014;11.04;63.605;87.93;86.123;62.841;182.19;115.07;33.990076;15.382642;7.03106;665.202778
6.9.2014;10.8;63.358;88.44;86.691;63.367;184.25;115.150002;34.036637;15.45503;6.96535;668.513019
6.6.2014;10.815;64.147;89.62;87.632;63.671;185.78;114.589996;33.496522;15.093086;6.820786;671.66539
6.5.2014;10.94;64.47;89.38;85.21;64.059;186.49;114.480003;33.727405;15.192622;6.709077;670.658107
6.4.2014;10.78;64.908;89.71;86.198;64.63;188.17;114.919998;32.563752;14.975453;6.807643;673.662846
6.3.2014;11.04;65.336;89.71;86.3;64.649;188.83;113.949997;32.194341;14.87592;6.807643;673.692901
6.2.2014;10.475;65.906;87.27;85.127;64.206;186.97;113.110001;31.935753;14.87592;6.807643;666.683317
5.30.2014;10.02;65.155;88.16;84.512;64.234;187.3;111.489998;31.815693;14.966406;6.807643;664.46074
5.29.2014;9.991;64.556;88.77;84.68;63.68;186.54;109.910004;31.944987;14.758287;6.932494;661.762772
5.28.2014;10.08;65.146;89.71;84.521;63.745;187.69;110.110001;31.344689;14.622558;6.945636;663.914884
5.27.2014;10.185;66.211;89.24;85.08;64.086;188.64;109.639999;31.058396;14.495878;6.66308;665.299353
5.23.2014;10.195;66.097;89.48;85.434;64.243;187.69;109.489998;30.864452;14.396343;6.557942;664.447735
5.22.2014;10.36;66.781;89.38;85.695;64.63;186.87;108.059998;30.901394;14.396343;6.695935;663.76967
5.21.2014;10.445;67.371;89.9;86.216;64.64;188.31;107.669998;30.541217;14.269663;6.649937;666.012815
5.20.2014;10.455;68.322;89.01;86.496;64.778;188.26;108.610001;31.630986;14.405392;6.584227;668.551606
5.19.2014;10.295;67.048;89.01;86.384;64.842;187.07;109.610001;31.400102;14.260614;6.472518;666.392235
5.16.2014;9.984;65.478;91.4;84.996;63.92;184.29;109.5;31.732575;14.197273;6.472518;661.970366
5.15.2014;10.15;65.326;90.98;85.695;64.261;187.02;110.43;32.268222;14.251565;6.722219;667.104006
5.14.2014;10.34;65.507;91.35;85.192;63.929;187.02;111.379997;32.462166;14.351099;6.564513;668.095775
5.13.2014;10.38;65.678;92.2;85.76;64.28;186.4;109.209999;32.157399;14.333003;6.820786;667.219187
5.12.2014;10.375;65.184;93.18;85.797;64.234;186.68;108.870003;31.612515;14.269663;6.722219;666.9244
5.9.2014;10.305;66.011;93.18;85.08;63.902;186.11;108.150002;32.185104;14.305857;6.722219;665.951182
5.8.2014;10.285;66.173;94.26;85.462;64.151;186.4;109.029999;32.388282;13.989155;6.939066;669.077502
5.7.2014;10.455;66.515;93.88;84.996;64.197;186.49;109;32.092752;14.079642;7.589603;669.294997
5.6.2014;10.12;65.593;93.98;83.702;62.841;184.34;109.440002;32.092752;14.242516;7.898444;664.249714
5.5.2014;9.95;64.813;93.7;83.199;62.269;182.43;109.93;32.29593;14.387294;7.977297;660.951521
5.2.2014;9.431;64.67;93.6;82.603;61.928;182.43;109.730003;32.231283;14.396343;7.891873;658.911502
5.1.2014;9.443;63.348;93.74;81.951;61.292;181.76;108.419998;31.843398;14.613509;7.951012;654.361917
4.30.2014;9.419;61.741;94.26;82.119;60.886;181.47;107.5;31.390869;14.473257;7.970726;651.229852
4.29.2014;9.299;61.399;95.2;80.489;60.139;179.8;107.07;31.178453;14.33858;7.760451;646.673484
4.28.2014;9.369;62.901;96.98;79.632;60.868;179.42;106.489998;31.141515;14.167989;7.81959;648.789092
4.25.2014;9.732;64.784;97.26;80.663;61.55;180.42;107.040001;31.557101;14.652825;8.010152;655.669079
4.24.2014;9.54;64.965;96.42;80.843;61.31;179.31;108.150002;31.76028;14.572019;8.016723;654.887024
4.23.2014;9.525;63.548;95.85;80.165;60.204;179.45;108.419998;31.612515;14.4553;8.016723;651.246536
4.22.2014;9.51;63.396;95.1;79.641;59.503;178.52;108.639999;31.381631;14.347557;8.016723;648.05591
4.21.2014;9.15;64.443;96.04;79.804;59.945;179.13;108.019997;31.381631;14.365515;7.918157;650.1973
4.17.2014;9.223;63.145;94.92;79.705;59.761;175.81;108.470001;31.372398;14.428364;7.81302;644.647783
4.16.2014;9.24;63.09;95.29;79.93;60.093;176.79;106.860001;30.809042;14.22186;7.56989;643.893793
4.15.2014;9.53;63.609;96.23;80.211;60.775;178.52;107.32;30.06098;14.096161;7.957583;648.309724
4.14.2014;10.2;64.898;97.45;80.464;61.089;178.52;104.889999;29.488391;14.033312;7.885301;648.918003
4.11.2014;10.55;65.037;97.64;81.503;61.541;181.61;103.389999;30.753629;14.033312;8.089005;654.146945
4.10.2014;10.55;65.037;97.64;81.503;61.541;179.92;107.730003;31.049159;14.22186;8.089005;657.281027
4.9.2014;10.5252;65.945;97.45;81.648;62.518;182.03;109.099998;31.889574;14.4553;7.885301;663.446373
4.8.2014;10.7816;65.417;96.51;81.196;61.781;180.76;111.389999;31.501692;14.311644;7.859017;661.507952
4.7.2014;10.6038;66.112;96.6;80.943;61.135;183.62;111.260002;32.148165;14.482234;7.81302;664.717221
4.4.2014;11.0008;67.679;97.54;82.66;62.482;183.34;112.860001;32.729988;14.715674;7.81302;672.820483
4.3.2014;11.1207;68.847;96.79;83.762;62.574;185.77;113.440002;32.212812;14.778522;7.760451;677.055487
4.2.2014;11.2655;69.932;99.32;84.974;63.376;183.15;113.220001;31.714104;14.652825;7.944441;679.548871
4.1.2014;11.0339;68.022;97.54;83.256;62.057;181.19;112.900002;31.787984;14.006377;7.661884;669.455147
3.31.2014;11.0339;68.022;97.54;83.256;62.057;177.07;112.830002;32.074281;13.8717;7.425326;665.180209
3.28.2014;11.0339;68.022;97.54;83.256;62.057;180.02;111.580002;31.871102;13.692131;7.228193;666.300328
3.27.2014;10.885;66.743;96.42;81.711;60.24;181.93;110.529999;31.603281;13.692131;7.103342;660.857753
3.26.2014;10.4259;64.202;95.85;79.705;59.014;183.62;108.459999;31.871102;13.763959;7.103342;654.015302
3.25.2014;10.612;65.38;96.14;81.467;61.07;184.04;107.940002;32.452929;13.81783;7.228193;660.147954
3.24.2014;11.3234;67.633;95.85;81.53;61.006;177.68;107.370003;32.332869;13.889657;7.261048;655.875977
3.21.2014;11.588;67.614;96.04;81.801;62.057;177.49;107.610001;32.563752;13.961485;7.234764;657.960002
3.20.2014;11.6418;68.875;96.51;82.506;62.878;179.36;108.68;32.240517;13.898635;7.372757;663.962709
3.19.2014;11.6418;66.288;95.57;82.624;62.405;178.42;109.830002;32.480634;13.907614;7.372757;660.539807
3.18.2014;11.9851;66.687;96.32;82.994;62.441;178.71;110.669998;31.981929;13.719066;7.372757;662.88085
3.17.2014;11.952;67.614;96.14;84.82;63.512;179.31;108.760002;31.483221;13.539498;7.03106;664.161781
3.14.2014;11.7287;65.676;95.85;84.088;62.316;175.99;110.209999;31.206162;13.629282;7.221622;657.915765
3.13.2014;11.5343;66.52;96.42;83.735;62.039;176.51;111.300003;31.911024;13.826808;7.096771;660.892906
3.12.2014;11.6501;66.196;96.42;83.229;62.271;172.39;112.459999;32.203954;13.737024;7.169053;657.72613
3.11.2014;11.3275;65.398;95.05;82.804;61.235;171.74;113.339996;33.952377;13.925571;7.326759;656.099203
3.10.2014;11.1786;65.621;93.77;83.356;61.45;169.3;113.959999;34.501619;14.024334;7.333331;654.494883
3.7.2014;10.9553;64.286;92.5;82.497;59.914;166.5;114.650002;34.36431;14.069226;7.484465;647.220303
3.6.2014;10.7692;63.887;92.95;81.883;60.093;168.37;113.260002;34.346002;14.033312;7.228193;646.819709
3.5.2014;10.4714;62.821;92.86;80.843;58.432;169.21;115.209999;33.805913;13.799873;6.952208;644.405393
3.4.2014;10.4838;60.624;92.23;79.587;57.646;170.1;113.599998;33.14682;13.647239;6.748504;637.813361
3.3.2014;10.976;62.719;94.32;79.894;58.843;168.79;115.300003;33.137667;13.81783;6.96535;644.76285
2.28.2014;11.0669;63.729;93.87;78.9;58.798;168.69;116.019997;33.659448;13.81783;6.925923;645.477098
2.27.2014;10.9511;64.017;92.95;78.268;58.87;166.31;115.580002;33.714374;13.70111;6.991634;641.35322
2.26.2014;10.8602;64.499;91.59;72.953;58.896;167.38;116.470001;33.046125;13.602346;6.866783;636.163455
2.25.2014;10.5459;62.265;90.08;72.375;58.468;168.83;116.169998;33.458058;13.629282;6.879925;632.701163
2.24.2014;10.3804;60.457;89.13;71.634;57.504;169.58;116.339996;33.586214;13.611325;6.925923;629.148858
2.21.2014;10.6286;61.328;89.17;72.411;57.78;167.38;115.330002;33.421441;13.710089;6.899639;628.058771
2.20.2014;10.641;63.21;89.86;72.519;59.066;171.74;115.220001;32.982047;13.692131;6.741933;635.672112
2.19.2014;10.9388;64.619;90.45;73.396;60.235;174.26;116.279999;33.238362;13.81783;6.741933;643.976924
2.18.2014;10.947;63.739;91.59;72.773;59.405;173.65;115.169998;32.908816;13.683153;6.538229;640.404196
2.14.2014;11.191;64.629;90.81;73.984;60.209;175.1;116.150002;32.222262;13.539498;6.538229;644.372991
2.13.2014;11.3978;66.474;92.32;75.086;61.717;171.41;117.559998;32.551809;13.46767;6.538229;648.522506
2.12.2014;11.2655;66.743;91.68;74.544;61.539;176.83;117.910004;32.268032;13.431756;6.505374;652.716666
2.11.2014;10.9098;64.879;88.67;74.815;60.744;176.23;117.040001;31.947641;13.324015;6.538229;645.097686
2.10.2014;10.5417;63.322;85.8;73.794;58.361;176.83;117.379997;33.055281;13.440735;6.597369;639.122082
2.7.2014;10.6286;66.947;88.03;76.098;60.28;177.86;115.959999;32.249723;13.332994;6.505374;647.89169
2.6.2014;10.6699;67.484;88.35;75.737;59.852;175.81;115.660004;32.258879;13.225252;6.400236;645.447271
2.5.2014;10.6534;68.764;88.53;76.198;60.128;188.06;112.489998;32.789812;13.35095;6.406807;657.370967
2.4.2014;10.4756;68.615;88.49;75.872;59.968;185.26;112.75;32.268032;13.06364;6.406807;653.169079
2.3.2014;10.6493;68.606;89.86;76.451;60.432;188.16;114.760002;33.02782;13.431756;6.577656;661.955534
1.31.2014;10.7857;68.671;85.94;77.02;59.932;189.09;117.160004;33.723526;13.692131;6.66308;662.677441
1.30.2014;10.0909;68.013;85.71;76.306;59.164;189.61;117.199997;33.274976;13.70111;6.66308;659.733063
1.29.2014;10.1819;68.578;84.66;76.821;59.102;189.09;117.830002;33.696065;14.001888;6.768217;660.729072
1.28.2014;10.3391;67.679;83.89;76.478;59.512;187.03;117.029999;33.650292;13.992981;6.78793;656.389302
1.27.2014;10.5748;67.252;84.39;76.758;59.593;185.58;117.879997;33.714374;14.099866;6.623653;656.46569
1.24.2014;10.2481;66.937;84.71;77.725;59.825;182.17;119.360001;35.169864;14.634289;6.840499;657.619753
1.23.2014;10.0165;64.49;82.57;77.147;59.503;177.49;121.690002;35.517719;14.741173;6.702506;649.8679
1.22.2014;10.3556;61.078;82.93;76.794;59.325;175.85;120.459999;35.096634;14.616475;6.702506;643.208214
1.21.2014;9.94206;60.262;83.07;76.324;58.503;174.59;119.190002;35.334638;14.714453;6.60394;638.534093
1.17.2014;9.51195;58.575;82.38;74.11;56.423;172.72;119.830002;35.700801;14.9015;6.288528;630.440781
1.16.2014;9.50368;59.391;82.15;73.929;56.727;171.59;119.470001;36.048656;14.87478;6.288528;629.972645
1.15.2014;9.27209;58.899;81.56;73.604;55.781;173.56;119.459999;36.634515;14.607567;6.176819;629.55499
1.14.2014;9.01154;57.314;77.69;72.194;54.352;175.95;119.400002;36.231738;14.349264;6.111109;622.603653
1.13.2014;9.30931;57.527;76.37;72.565;54.182;177.91;120.809998;36.643667;14.313635;6.032256;625.662866
1.10.2014;9.23487;58.139;77.1;72.294;54.182;179.36;120.330002;37.064756;14.108773;6.078253;627.891654
1.9.2014;9.42511;60.04;78.92;73.044;55.468;182.96;119.849998;37.000675;13.841561;5.854836;636.40418
1.8.2014;9.51609;60.494;78.51;73.044;55.798;180.2;120.459999;36.799288;13.699048;5.979687;634.500112
1.7.2014;9.40029;60.345;78.83;73.053;55.165;180.86;120.169998;36.98237;13.877189;6.111109;634.793956
1.6.2014;9.49128;60.568;80.42;73.685;56.093;185.49;120.510002;36.222582;13.81484;6.143964;642.438668
1.3.2014;9.31344;58.565;80.24;72.7;55.647;188.34;120.629997;37.485842;13.75249;6.24253;642.916299
